{
  "model_name": "RandomForest",
  "features": [
    "months_as_customer",
    "age",
    "policy_state",
    "policy_csl",
    "policy_deductable",
    "policy_annual_premium",
    "umbrella_limit",
    "insured_zip",
    "insured_sex",
    "insured_education_level",
    "insured_occupation",
    "insured_hobbies",
    "insured_relationship",
    "capital-gains",
    "capital-loss",
    "incident_type",
    "collision_type",
    "incident_severity",
    "authorities_contacted",
    "incident_state",
    "incident_city",
    "incident_hour_of_the_day",
    "number_of_vehicles_involved",
    "property_damage",
    "bodily_injuries",
    "witnesses",
    "police_report_available",
    "total_claim_amount",
    "injury_claim",
    "property_claim",
    "vehicle_claim",
    "auto_make",
    "auto_model",
    "auto_year",
    "tenure_at_incident_days",
    "vehicle_age_at_incident",
    "claim_to_premium_ratio",
    "injury_claim_ratio",
    "property_claim_ratio",
    "vehicle_claim_ratio",
    "bodily_injuries_band"
  ],
  "feature_importances": {
    "incident_severity": 0.19630411087994942,
    "insured_hobbies": 0.08649577069733225,
    "insured_zip": 0.0430643257523368,
    "vehicle_claim": 0.03970290691997358,
    "property_claim": 0.03704449649506304,
    "total_claim_amount": 0.036987454066161427,
    "claim_to_premium_ratio": 0.03454132597692973,
    "tenure_at_incident_days": 0.032804051032823724,
    "insured_occupation": 0.030419309808227876,
    "policy_annual_premium": 0.03002624737881101,
    "injury_claim": 0.02875623021290502,
    "months_as_customer": 0.028441475986960264,
    "vehicle_claim_ratio": 0.024272350052916277,
    "vehicle_age_at_incident": 0.02272584216733941,
    "auto_year": 0.022327752907393462,
    "auto_model": 0.02226792095047691,
    "capital-gains": 0.022003327536097045,
    "auto_make": 0.02112178540971827,
    "age": 0.020776949470898875,
    "incident_hour_of_the_day": 0.020549956562544255,
    "injury_claim_ratio": 0.019033321703719203,
    "authorities_contacted": 0.01753124318489141,
    "capital-loss": 0.01712912173910659,
    "property_claim_ratio": 0.0167629060164325,
    "incident_city": 0.014647244107957112,
    "insured_education_level": 0.014191265165999013,
    "incident_state": 0.011302822950159629,
    "witnesses": 0.011120358226700204,
    "umbrella_limit": 0.011025802344492708,
    "insured_relationship": 0.010692913649117237,
    "policy_state": 0.007336123838202426,
    "bodily_injuries_band": 0.007174876820079895,
    "collision_type": 0.005896449014778144,
    "policy_deductable": 0.0058595193892086025,
    "policy_csl": 0.005691422424956242,
    "bodily_injuries": 0.005008754244416486,
    "number_of_vehicles_involved": 0.004585611949374869,
    "incident_type": 0.004309953910979519,
    "insured_sex": 0.00385554598525901,
    "police_report_available": 0.0037891888857783333,
    "property_damage": 0.0024219641835321517
  },
  "threshold": 0.4192788795953802,
  "metrics": {
    "model_name": "RandomForest",
    "threshold": 0.4192788795953802,
    "precision": 0.6153846153846154,
    "recall": 0.8163265306122449,
    "f1_score": 0.7017543859649122,
    "roc_auc": 0.8306527909176916
  },
  "confusion_matrix": [
    [
      126,
      25
    ],
    [
      9,
      40
    ]
  ],
  "cv_f1_mean": 0.916958399636281,
  "cv_f1_std": 0.021388128836556004
}